{
    "ad": { "en": "Andorra", "fi": "Andorra" },
    "ae": { "en": "United Arab Emirates", "fi": "Arabiemiirikunnat" },
    "af": { "en": "Afghanistan", "fi": "Afganistan" },
    "ag": { "en": "Antigua and Barbuda", "fi": "Antigua ja Barbuda" },
    "ai": { "en": "Anguilla", "fi": "Anguilla" },
    "al": { "en": "Albania", "fi": "Albania" },
    "am": { "en": "Armenia", "fi": "Armenia" },
    "ao": { "en": "Angola", "fi": "Angola" },
    "aq": { "en": "Antarctica", "fi": "Antarktis" },
    "ar": { "en": "Argentina", "fi": "Argentiina" },
    "as": { "en": "American Samoa", "fi": "Amerikan Samoa" },
    "at": { "en": "Austria", "fi": "Itävalta" },
    "au": { "en": "Australia", "fi": "Australia" },
    "aw": { "en": "Aruba", "fi": "Aruba" },
    "ax": { "en": "Åland Islands", "fi": "Ahvenanmaa" },
    "az": { "en": "Azerbaijan", "fi": "Azerbaidžan" },
    "ba": { "en": "Bosnia and Herzegovina", "fi": "Bosnia ja Hertsegovina" },
    "bb": { "en": "Barbados", "fi": "Barbados" },
    "bd": { "en": "Bangladesh", "fi": "Bangladesh" },
    "be": { "en": "Belgium", "fi": "Belgia" },
    "bf": { "en": "Burkina Faso", "fi": "Burkina Faso" },
    "bg": { "en": "Bulgaria", "fi": "Bulgaria" },
    "bh": { "en": "Bahrain", "fi": "Bahrain" },
    "bi": { "en": "Burundi", "fi": "Burundi" },
    "bj": { "en": "Benin", "fi": "Benin" },
    "bl": { "en": "Saint Barthélemy", "fi": "Saint-Barthélemy" },
    "bm": { "en": "Bermuda", "fi": "Bermuda" },
    "bn": { "en": "Brunei", "fi": "Brunei" },
    "bo": { "en": "Bolivia", "fi": "Bolivia" },
    "bq": { "en": "Bonaire", "fi": "Bonaire" },
    "br": { "en": "Brazil", "fi": "Brasilia" },
    "bs": { "en": "Bahamas", "fi": "Bahama" },
    "bt": { "en": "Bhutan", "fi": "Bhutan" },
    "bv": { "en": "Bouvet Island (Norway)", "fi": "Bouvet\"nsaari (Norja)" },
    "bw": { "en": "Botswana", "fi": "Botswana" },
    "by": { "en": "Belarus", "fi": "Valko-Venäjä" },
    "bz": { "en": "Belize", "fi": "Belize" },
    "ca": { "en": "Canada", "fi": "Kanada" },
    "cc": { "en": "Cocos (Keeling) Islands", "fi": "Kookossaaret" },
    "cd": { "en": "Congo (Kinshasa)", "fi": "Kongon demokraattinen tasavalta" },
    "cf": { "en": "Central African Republic", "fi": "Keski-Afrikan tasavalta" },
    "cg": { "en": "Congo (Brazzaville)", "fi": "Kongon tasavalta" },
    "ch": { "en": "Switzerland", "fi": "Sveitsi" },
    "ci": { "en": "Côte d’Ivoire", "fi": "Norsunluurannikko" },
    "ck": { "en": "Cook Islands", "fi": "Cookinsaaret" },
    "cl": { "en": "Chile", "fi": "Chile" },
    "cm": { "en": "Cameroon", "fi": "Kamerun" },
    "cn": { "en": "China", "fi": "Kiina" },
    "co": { "en": "Colombia", "fi": "Kolumbia" },
    "cr": { "en": "Costa Rica", "fi": "Costa Rica" },
    "cu": { "en": "Cuba", "fi": "Kuuba" },
    "cv": { "en": "Cape Verde", "fi": "Kap Verde" },
    "cw": { "en": "Curaçao", "fi": "Curaçao" },
    "cx": { "en": "Christmas Island", "fi": "Joulusaari" },
    "cy": { "en": "Cyprus", "fi": "Kypros" },
    "cz": { "en": "Czech Republic", "fi": "Tšekki" },
    "de": { "en": "Germany", "fi": "Saksa" },
    "dj": { "en": "Djibouti", "fi": "Djibouti" },
    "dk": { "en": "Denmark", "fi": "Tanska" },
    "dm": { "en": "Dominica", "fi": "Dominica" },
    "do": { "en": "Dominican Republic", "fi": "Dominikaaninen tasavalta" },
    "dz": { "en": "Algeria", "fi": "Algeria" },
    "ec": { "en": "Ecuador", "fi": "Ecuador" },
    "ee": { "en": "Estonia", "fi": "Viro" },
    "eg": { "en": "Egypt", "fi": "Egypti" },
    "eh": { "en": "Western Sahara", "fi": "Länsi-Sahara" },
    "er": { "en": "Eritrea", "fi": "Eritrea" },
    "es": { "en": "Spain", "fi": "Espanja" },
    "et": { "en": "Ethiopia", "fi": "Etiopia" },
    "fi": { "en": "Finland", "fi": "Suomi" },
    "fj": { "en": "Fiji", "fi": "Fidži" },
    "fk": { "en": "Falkland Islands", "fi": "Falklandinsaaret" },
    "fm": { "en": "Micronesia", "fi": "Mikronesia" },
    "fo": { "en": "Faroe Islands", "fi": "Färsaaret" },
    "fr": { "en": "France", "fi": "Ranska" },
    "ga": { "en": "Gabon", "fi": "Gabon" },
    "gb": { "en": "United Kingdom", "fi": "Yhdistynyt kuningaskunta" },
    "gd": { "en": "Grenada", "fi": "Grenada" },
    "ge": { "en": "Georgia", "fi": "Georgia" },
    "gf": { "en": "French Guiana", "fi": "Ranskan Guayana" },
    "gg": { "en": "Guernsey", "fi": "Guernsey" },
    "gh": { "en": "Ghana", "fi": "Ghana" },
    "gi": { "en": "Gibraltar", "fi": "Gibraltar" },
    "gl": { "en": "Greenland", "fi": "Grönlanti" },
    "gm": { "en": "Gambia", "fi": "Gambia" },
    "gn": { "en": "Guinea", "fi": "Guinea" },
    "gp": { "en": "Guadeloupe", "fi": "Guadeloupe" },
    "gq": { "en": "Equatorial Guinea", "fi": "Päiväntasaajan Guinea" },
    "gr": { "en": "Greece", "fi": "Kreikka" },
    "gt": { "en": "Guatemala", "fi": "Guatemala" },
    "gu": { "en": "Guam", "fi": "Guam" },
    "gw": { "en": "Guinea-Bissau", "fi": "Guinea-Bissau" },
    "gy": { "en": "Guyana", "fi": "Guyana" },
    "hk": { "en": "Hong Kong", "fi": "Hongkong" },
    "hm": { "en": "Heard Island and McDonald Islands", "fi": "Heard ja McDonaldinsaaret" },
    "hn": { "en": "Honduras", "fi": "Honduras" },
    "hr": { "en": "Croatia", "fi": "Kroatia" },
    "ht": { "en": "Haiti", "fi": "Haiti" },
    "hu": { "en": "Hungary", "fi": "Unkari" },
    "id": { "en": "Indonesia", "fi": "Indonesia" },
    "ie": { "en": "Ireland", "fi": "Irlanti" },
    "il": { "en": "Israel", "fi": "Israel" },
    "im": { "en": "Isle of Man", "fi": "Mansaari" },
    "in": { "en": "India", "fi": "Intia" },
    "io": { "en": "British Indian Ocean Territory", "fi": "Brittiläinen Intian valtameren alue" },
    "iq": { "en": "Iraq", "fi": "Irak" },
    "ir": { "en": "Iran", "fi": "Iran" },
    "is": { "en": "Iceland", "fi": "Islanti" },
    "it": { "en": "Italy", "fi": "Italia" },
    "je": { "en": "Jersey", "fi": "Jersey" },
    "jm": { "en": "Jamaica", "fi": "Jamaika" },
    "jo": { "en": "Jordan", "fi": "Jordania" },
    "jp": { "en": "Japan", "fi": "Japani" },
    "ke": { "en": "Kenya", "fi": "Kenia" },
    "kg": { "en": "Kyrgyzstan", "fi": "Kirgisia" },
    "kh": { "en": "Cambodia", "fi": "Kambodža" },
    "ki": { "en": "Kiribati", "fi": "Kiribati" },
    "km": { "en": "Comoros", "fi": "Komorit" },
    "kn": { "en": "Saint Kitts and Nevis", "fi": "Saint Kitts ja Nevis" },
    "kp": { "en": "North Korea", "fi": "Pohjois-Korea" },
    "kr": { "en": "South Korea", "fi": "Etelä-Korea" },
    "kw": { "en": "Kuwait", "fi": "Kuwait" },
    "ky": { "en": "Cayman Islands", "fi": "Caymansaaret" },
    "kz": { "en": "Kazakhstan", "fi": "Kazakstan" },
    "la": { "en": "Laos", "fi": "Laos" },
    "lb": { "en": "Lebanon", "fi": "Libanon" },
    "lc": { "en": "Saint Lucia", "fi": "Saint Lucia" },
    "li": { "en": "Liechtenstein", "fi": "Liechtenstein" },
    "lk": { "en": "Sri Lanka", "fi": "Sri Lanka" },
    "lr": { "en": "Liberia", "fi": "Liberia" },
    "ls": { "en": "Lesotho", "fi": "Lesotho" },
    "lt": { "en": "Lithuania", "fi": "Liettua" },
    "lu": { "en": "Luxembourg", "fi": "Luxemburg" },
    "lv": { "en": "Latvia", "fi": "Latvia" },
    "ly": { "en": "Libya", "fi": "Libya" },
    "ma": { "en": "Morocco", "fi": "Marokko" },
    "mc": { "en": "Monaco", "fi": "Monaco" },
    "md": { "en": "Moldova", "fi": "Moldova" },
    "me": { "en": "Montenegro", "fi": "Montenegro" },
    "mf": { "en": "Saint Martin", "fi": "Saint-Martin" },
    "mg": { "en": "Madagascar", "fi": "Madagaskar" },
    "mh": { "en": "Marshall Islands", "fi": "Marshallinsaaret" },
    "mk": { "en": "North Macedonia", "fi": "Pohjois-Makedonia" },
    "ml": { "en": "Mali", "fi": "Mali" },
    "mm": { "en": "Myanmar", "fi": "Myanmar" },
    "mn": { "en": "Mongolia", "fi": "Mongolia" },
    "mo": { "en": "Macao", "fi": "Macao" },
    "mp": { "en": "Northern Mariana Islands", "fi": "Pohjois-Mariaanit" },
    "mq": { "en": "Martinique", "fi": "Martinique" },
    "mr": { "en": "Mauritania", "fi": "Mauritania" },
    "ms": { "en": "Montserrat", "fi": "Montserrat" },
    "mt": { "en": "Malta", "fi": "Malta" },
    "mu": { "en": "Mauritius", "fi": "Mauritius" },
    "mv": { "en": "Maldives", "fi": "Malediivit" },
    "mw": { "en": "Malawi", "fi": "Malawi" },
    "mx": { "en": "Mexico", "fi": "Meksiko" },
    "my": { "en": "Malaysia", "fi": "Malesia" },
    "mz": { "en": "Mozambique", "fi": "Mosambik" },
    "na": { "en": "Namibia", "fi": "Namibia" },
    "nc": { "en": "New Caledonia", "fi": "Uusi-Kaledonia" },
    "ne": { "en": "Niger", "fi": "Niger" },
    "nf": { "en": "Norfolk Island", "fi": "Norfolkinsaari" },
    "ng": { "en": "Nigeria", "fi": "Nigeria" },
    "ni": { "en": "Nicaragua", "fi": "Nicaragua" },
    "nl": { "en": "Netherlands", "fi": "Alankomaat" },
    "no": { "en": "Norway", "fi": "Norja" },
    "np": { "en": "Nepal", "fi": "Nepal" },
    "nr": { "en": "Nauru", "fi": "Nauru" },
    "nu": { "en": "Niue", "fi": "Niue" },
    "nz": { "en": "New Zealand", "fi": "Uusi-Seelanti" },
    "om": { "en": "Oman", "fi": "Oman" },
    "pa": { "en": "Panama", "fi": "Panama" },
    "pe": { "en": "Peru", "fi": "Peru" },
    "pf": { "en": "French Polynesia", "fi": "Ranskan Polynesia" },
    "pg": { "en": "Papua New Guinea", "fi": "Papua-Uusi-Guinea" },
    "ph": { "en": "Philippines", "fi": "Filippiinit" },
    "pk": { "en": "Pakistan", "fi": "Pakistan" },
    "pl": { "en": "Poland", "fi": "Puola" },
    "pm": { "en": "Saint Pierre and Miquelon", "fi": "Saint-Pierre ja Miquelon" },
    "pn": { "en": "Pitcairn Islands", "fi": "Pitcairn" },
    "pr": { "en": "Puerto Rico", "fi": "Puerto Rico" },
    "pt": { "en": "Portugal", "fi": "Portugali" },
    "pw": { "en": "Palau", "fi": "Palau" },
    "py": { "en": "Paraguay", "fi": "Paraguay" },
    "qa": { "en": "Qatar", "fi": "Qatar" },
    "re": { "en": "Réunion", "fi": "Réunion" },
    "ro": { "en": "Romania", "fi": "Romania" },
    "rs": { "en": "Serbia", "fi": "Serbia" },
    "ru": { "en": "Russia", "fi": "Venäjä" },
    "rw": { "en": "Rwanda", "fi": "Ruanda" },
    "sa": { "en": "Saudi Arabia", "fi": "Saudi-Arabia" },
    "sb": { "en": "Solomon Islands", "fi": "Salomonsaaret" },
    "sc": { "en": "Seychelles", "fi": "Seychellit" },
    "sd": { "en": "Sudan", "fi": "Sudan" },
    "se": { "en": "Sweden", "fi": "Ruotsi" },
    "sg": { "en": "Singapore", "fi": "Singapore" },
    "sh": { "en": "Saint Helena", "fi": "Saint Helena" },
    "si": { "en": "Slovenia", "fi": "Slovenia" },
    "sj": { "en": "Svalbard and Jan Mayen (Norway)", "fi": "Huippuvuoret ja Jan Mayen (Norja)" },
    "sk": { "en": "Slovakia", "fi": "Slovakia" },
    "sl": { "en": "Sierra Leone", "fi": "Sierra Leone" },
    "sm": { "en": "San Marino", "fi": "San Marino" },
    "sn": { "en": "Senegal", "fi": "Senegal" },
    "so": { "en": "Somalia", "fi": "Somalia" },
    "sr": { "en": "Suriname", "fi": "Suriname" },
    "ss": { "en": "South Sudan", "fi": "Etelä-Sudan" },
    "st": { "en": "São Tomé and Príncipe", "fi": "São Tomé ja Príncipe" },
    "sv": { "en": "El Salvador", "fi": "El Salvador" },
    "sx": { "en": "Sint Maarten", "fi": "Sint Maarten" },
    "sy": { "en": "Syria", "fi": "Syyria" },
    "sz": { "en": "Eswatini", "fi": "Eswatini" },
    "tc": { "en": "Turks and Caicos Islands", "fi": "Turks- ja Caicossaaret" },
    "td": { "en": "Chad", "fi": "Tšad" },
    "tf": { "en": "French Southern Territories", "fi": "Ranskan eteläiset alueet" },
    "tg": { "en": "Togo", "fi": "Togo" },
    "th": { "en": "Thailand", "fi": "Thaimaa" },
    "tj": { "en": "Tajikistan", "fi": "Tadžikistan" },
    "tk": { "en": "Tokelau", "fi": "Tokelau" },
    "tl": { "en": "Timor-Leste", "fi": "Itä-Timor" },
    "tm": { "en": "Turkmenistan", "fi": "Turkmenistan" },
    "tn": { "en": "Tunisia", "fi": "Tunisia" },
    "to": { "en": "Tonga", "fi": "Tonga" },
    "tr": { "en": "Turkey", "fi": "Turkki" },
    "tt": { "en": "Trinidad and Tobago", "fi": "Trinidad ja Tobago" },
    "tv": { "en": "Tuvalu", "fi": "Tuvalu" },
    "tw": { "en": "Taiwan", "fi": "Taiwan" },
    "tz": { "en": "Tanzania", "fi": "Tansania" },
    "ua": { "en": "Ukraine", "fi": "Ukraina" },
    "ug": { "en": "Uganda", "fi": "Uganda" },
    "um": { "en": "United States Minor Outlying Islands", "fi": "Yhdysvaltain pienet erillissaaret" },
    "us": { "en": "United States", "fi": "Yhdysvallat" },
    "uy": { "en": "Uruguay", "fi": "Uruguay" },
    "uz": { "en": "Uzbekistan", "fi": "Uzbekistan" },
    "va": { "en": "Vatican City", "fi": "Vatikaani" },
    "vc": { "en": "Saint Vincent and the Grenadines", "fi": "Saint Vincent ja Grenadiinit" },
    "ve": { "en": "Venezuela", "fi": "Venezuela" },
    "vg": { "en": "British Virgin Islands", "fi": "Brittiläiset Neitsytsaaret" },
    "vi": { "en": "U.S. Virgin Islands", "fi": "Yhdysvaltain Neitsytsaaret" },
    "vn": { "en": "Vietnam", "fi": "Vietnam" },
    "vu": { "en": "Vanuatu", "fi": "Vanuatu" },
    "wf": { "en": "Wallis and Futuna", "fi": "Wallis ja Futuna" },
    "ws": { "en": "Samoa", "fi": "Samoa" },
    "ye": { "en": "Yemen", "fi": "Jemen" },
    "yt": { "en": "Mayotte", "fi": "Mayotte" },
    "za": { "en": "South Africa", "fi": "Etelä-Afrikka" },
    "zm": { "en": "Zambia", "fi": "Sambia" },
    "zw": { "en": "Zimbabwe", "fi": "Zimbabwe" }
}

